<?xml version="1.0" encoding="UTF-8" ?>
<Prompt xmlns="http://soap.sforce.com/2006/04/metadata">
    <masterLabel>Order Builder</masterLabel>
    <promptVersions>
        <body
        >The order builder allows you to drag products into the basket and construct an order for the customer.</body>
        <delayDays>1</delayDays>
        <description
        >Use the Order Builder to learn more about component composition.</description>
        <dismissButtonLabel>Close</dismissButtonLabel>
        <displayPosition>TopCenter</displayPosition>
        <displayType>FloatingPanel</displayType>
        <isPublished>true</isPublished>
        <masterLabel>Order Builder Step 1</masterLabel>
        <publishedDate>2020-10-15</publishedDate>
        <shouldDisplayActionButton>false</shouldDisplayActionButton>
        <shouldIgnoreGlobalDelay>true</shouldIgnoreGlobalDelay>
        <startDate>2020-10-09</startDate>
        <stepNumber>1</stepNumber>
        <targetAppDeveloperName>EBikes</targetAppDeveloperName>
        <targetPageKey1>Order__c</targetPageKey1>
        <targetPageKey2>view</targetPageKey2>
        <targetPageType>standard__recordPage</targetPageType>
        <timesToDisplay>1</timesToDisplay>
        <title>Welcome to the Order Builder</title>
        <userAccess>Everyone</userAccess>
        <userProfileAccess>Everyone</userProfileAccess>
        <versionNumber>1</versionNumber>
    </promptVersions>
    <promptVersions>
        <body
        >Here you can see a list of available products to add to each order as well as search for products that might not be in the list. &lt;br&gt; &lt;br&gt; Try searching for an &quot;Electra X1&quot; and see the results as they&apos;re updated.</body>
        <dismissButtonLabel>Close</dismissButtonLabel>
        <displayPosition>BottomRight</displayPosition>
        <displayType>FloatingPanel</displayType>
        <isPublished>false</isPublished>
        <masterLabel>Order Builder Step 2</masterLabel>
        <shouldDisplayActionButton>false</shouldDisplayActionButton>
        <shouldIgnoreGlobalDelay>false</shouldIgnoreGlobalDelay>
        <stepNumber>2</stepNumber>
        <targetAppDeveloperName>EBikes</targetAppDeveloperName>
        <targetPageKey1>Order__c</targetPageKey1>
        <targetPageKey2>view</targetPageKey2>
        <targetPageType>standard__recordPage</targetPageType>
        <title>Product List</title>
        <userAccess>Everyone</userAccess>
        <userProfileAccess>Everyone</userProfileAccess>
        <versionNumber>1</versionNumber>
    </promptVersions>
    <promptVersions>
        <body
        >You can drag products from the list into the basket. As you add products, the totals will update and relate the records to the order.</body>
        <dismissButtonLabel>Close</dismissButtonLabel>
        <displayPosition>TopCenter</displayPosition>
        <displayType>FloatingPanel</displayType>
        <isPublished>false</isPublished>
        <masterLabel>Order Builder Step 3</masterLabel>
        <shouldDisplayActionButton>false</shouldDisplayActionButton>
        <shouldIgnoreGlobalDelay>false</shouldIgnoreGlobalDelay>
        <stepNumber>3</stepNumber>
        <targetAppDeveloperName>EBikes</targetAppDeveloperName>
        <targetPageKey1>Order__c</targetPageKey1>
        <targetPageKey2>view</targetPageKey2>
        <targetPageType>standard__recordPage</targetPageType>
        <title>Order</title>
        <userAccess>Everyone</userAccess>
        <userProfileAccess>Everyone</userProfileAccess>
        <versionNumber>1</versionNumber>
    </promptVersions>
    <promptVersions>
        <body
        >You can now modify the price &amp; quantity of the product being ordered. Once modified the totals on the order will be updated.&lt;br&gt;&lt;br&gt;This is done using &lt;a href=&quot;https://sfdc.co/B8HXD&quot;&gt;Custom Events&lt;/a&gt; sent up from the Order Item Component.</body>
        <dismissButtonLabel>Close</dismissButtonLabel>
        <displayPosition>TopCenter</displayPosition>
        <displayType>FloatingPanel</displayType>
        <isPublished>false</isPublished>
        <masterLabel>Order Builder Step 4</masterLabel>
        <shouldDisplayActionButton>false</shouldDisplayActionButton>
        <shouldIgnoreGlobalDelay>false</shouldIgnoreGlobalDelay>
        <stepNumber>4</stepNumber>
        <targetAppDeveloperName>EBikes</targetAppDeveloperName>
        <targetPageKey1>Order__c</targetPageKey1>
        <targetPageKey2>view</targetPageKey2>
        <targetPageType>standard__recordPage</targetPageType>
        <title>Order Details</title>
        <userAccess>Everyone</userAccess>
        <userProfileAccess>Everyone</userProfileAccess>
        <versionNumber>1</versionNumber>
    </promptVersions>
    <promptVersions>
        <body
        >&lt;p&gt;Now that you have seen Lightning Web Components used to create an interactive ordering experience, you can learn how to build them yourself!&lt;/p&gt;&lt;p&gt;&lt;br&gt;&lt;/p&gt;&lt;p&gt;As demonstrated, you can follow web standards like using Custom Events &amp;amp; The Drag &amp;amp; Drop API to communicate across components.&lt;/p&gt;&lt;p&gt;&lt;br&gt;&lt;/p&gt;&lt;p&gt;Make sure you check out the &lt;b&gt;Product Explorer &lt;/b&gt;Tab for more great ways you can innovate with Lightning Web Components.&lt;/p&gt;</body>
        <displayPosition>BottomCenter</displayPosition>
        <displayType>DockedComposer</displayType>
        <header>Resources</header>
        <isPublished>false</isPublished>
        <masterLabel>Order Builder Step 5</masterLabel>
        <shouldDisplayActionButton>false</shouldDisplayActionButton>
        <shouldIgnoreGlobalDelay>false</shouldIgnoreGlobalDelay>
        <stepNumber>5</stepNumber>
        <targetAppDeveloperName>EBikes</targetAppDeveloperName>
        <targetPageKey1>Order__c</targetPageKey1>
        <targetPageKey2>view</targetPageKey2>
        <targetPageType>standard__recordPage</targetPageType>
        <title>Resources</title>
        <userAccess>Everyone</userAccess>
        <userProfileAccess>Everyone</userProfileAccess>
        <versionNumber>1</versionNumber>
    </promptVersions>
</Prompt>
