<?xml version="1.0" encoding="UTF-8" ?>
<Prompt xmlns="http://soap.sforce.com/2006/04/metadata">
    <masterLabel>Product Detail</masterLabel>
    <promptVersions>
        <body
        >The product detail page shows you all of the details related to a product as well as similar products.</body>
        <delayDays>1</delayDays>
        <description
        >Explore the product detail page and it&apos;s functionality.</description>
        <dismissButtonLabel>Close</dismissButtonLabel>
        <displayPosition>TopCenter</displayPosition>
        <displayType>FloatingPanel</displayType>
        <isPublished>true</isPublished>
        <masterLabel>Product Detail Step 1</masterLabel>
        <publishedDate>2020-10-09</publishedDate>
        <shouldDisplayActionButton>false</shouldDisplayActionButton>
        <shouldIgnoreGlobalDelay>false</shouldIgnoreGlobalDelay>
        <startDate>2020-10-09</startDate>
        <stepNumber>1</stepNumber>
        <targetAppDeveloperName>EBikes</targetAppDeveloperName>
        <targetPageKey1>Product__c</targetPageKey1>
        <targetPageKey2>view</targetPageKey2>
        <targetPageType>standard__recordPage</targetPageType>
        <timesToDisplay>1</timesToDisplay>
        <title>Product Details</title>
        <userAccess>Everyone</userAccess>
        <userProfileAccess>Everyone</userProfileAccess>
        <versionNumber>1</versionNumber>
    </promptVersions>
    <promptVersions>
        <body
        >The similar product component displays a list of similar products. &lt;br&gt;&lt;br&gt; You can select &lt;b&gt;View Details&lt;/b&gt;  and navigate to the products detail page. This is done using &lt;a href=&quot;https://sfdc.co/bOaUVi&quot;&gt;Lightning Navigation Service&lt;/a&gt;.</body>
        <dismissButtonLabel>Close</dismissButtonLabel>
        <displayPosition>BottomRight</displayPosition>
        <displayType>FloatingPanel</displayType>
        <isPublished>false</isPublished>
        <masterLabel>Product Detail Step 2</masterLabel>
        <shouldDisplayActionButton>false</shouldDisplayActionButton>
        <shouldIgnoreGlobalDelay>false</shouldIgnoreGlobalDelay>
        <stepNumber>2</stepNumber>
        <targetAppDeveloperName>EBikes</targetAppDeveloperName>
        <targetPageKey1>Product__c</targetPageKey1>
        <targetPageKey2>view</targetPageKey2>
        <targetPageType>standard__recordPage</targetPageType>
        <title>Similar Products</title>
        <userAccess>Everyone</userAccess>
        <userProfileAccess>Everyone</userProfileAccess>
        <versionNumber>1</versionNumber>
    </promptVersions>
    <promptVersions>
        <body
        >&lt;p&gt;Here you can see how just a single Lightning Web Component can enhance the user experience in the context of a record. &lt;/p&gt;&lt;p&gt;&lt;br&gt;&lt;/p&gt;&lt;p&gt;Check out the Order Builder in the &lt;b&gt;Reseller Orders&lt;/b&gt; Tab to learn more about composing multiple components on a record detail page. &lt;/p&gt;&lt;p&gt;&lt;br&gt;&lt;/p&gt;</body>
        <displayPosition>BottomCenter</displayPosition>
        <displayType>DockedComposer</displayType>
        <header>Resources</header>
        <isPublished>false</isPublished>
        <masterLabel>Product Detail Step 3</masterLabel>
        <shouldDisplayActionButton>false</shouldDisplayActionButton>
        <shouldIgnoreGlobalDelay>false</shouldIgnoreGlobalDelay>
        <stepNumber>3</stepNumber>
        <targetAppDeveloperName>EBikes</targetAppDeveloperName>
        <targetPageKey1>Product__c</targetPageKey1>
        <targetPageKey2>view</targetPageKey2>
        <targetPageType>standard__recordPage</targetPageType>
        <title>Resources</title>
        <userAccess>Everyone</userAccess>
        <userProfileAccess>Everyone</userProfileAccess>
        <versionNumber>1</versionNumber>
    </promptVersions>
</Prompt>
