{
    "definitionName": "jepson:branding-jepson",
    "id": "26ab9e87-e30e-419f-b5b6-e054218fcee7",
    "label": "Jepson",
    "type": "brandingSet",
    "values": {
        "ActionColor": "rgb(57, 75, 133)",
        "BorderColor": "#D4D4D4",
        "CardBackgroundColor": "rgba(255, 255, 255, 0)",
        "CompanyLogo": "/file-asset/ebikeslogo?v=1&amp;height=300&amp;width=300",
        "DetailTextColor": "rgba(0, 0, 0, 0.6)",
        "ErrorFontColor": "#ff9e9e",
        "HeaderFonts": "Montserrat",
        "LinkColor": "#111111",
        "LoginBackgroundColor": "#F4F4F4",
        "LoginBackgroundImage": "../../../../sfsites/picasso/core/external/salesforceIdentity/images/background.jpg?v=1",
        "OverlayTextColor": "rgb(255, 255, 255)",
        "PageBackgroundColor": "#FFFFFF",
        "PrimaryFont": "Lato",
        "TextColor": "rgb(0, 0, 0)",
        "TextTransformStyle": "none",
        "_ActionColorDarker": "#2a3761",
        "_ActionColorTrans": "rgba(57, 75, 133, 0.9)",
        "_HoverColor": "rgba(57, 75, 133, 0.05)",
        "_LinkColorDarker": "#000000",
        "_OverlayTextColorShadow": "#000"
    }
}
