{
    "appPageId": "591ae89d-97d7-4f5d-b93f-ce618e5d48f1",
    "componentName": "siteforce:sldsOneColLayout",
    "id": "4febe178-894b-4426-8345-87a24eb8161d",
    "label": "Create Case",
    "regions": [
        {
            "id": "bf02a85f-7edf-4f59-a1dc-106cd9983a47",
            "regionName": "header",
            "type": "region"
        },
        {
            "components": [
                {
                    "componentAttributes": {},
                    "componentName": "c:createCase",
                    "id": "01586183-3206-48ec-910b-18b2021d89e6",
                    "renderPriority": "NEUTRAL",
                    "renditionMap": {},
                    "type": "component"
                }
            ],
            "id": "8ec670a5-a20c-4db1-b879-f081f2c3e22b",
            "regionName": "content",
            "type": "region"
        },
        {
            "id": "31fe2e0b-2c88-487f-a0a5-a4151c56c55a",
            "regionName": "sidebar",
            "type": "region"
        },
        {
            "id": "73d6b1fa-c522-49a4-8338-33c08a632003",
            "regionName": "footer",
            "type": "region"
        },
        {
            "components": [
                {
                    "componentAttributes": {
                        "description": "",
                        "metaTags": "",
                        "title": "Create Case"
                    },
                    "componentName": "forceCommunity:seoAssistant",
                    "id": "8cd4a834-96e5-4f25-af68-e1ece1accc88",
                    "renditionMap": {},
                    "type": "component"
                }
            ],
            "id": "d24e3a84-5dee-4788-9df7-ba7264bf3e03",
            "regionName": "sfdcHiddenRegion",
            "type": "region"
        }
    ],
    "themeLayoutType": "Inner",
    "type": "view",
    "viewType": "custom-create-case"
}
