{
    "appPageId": "591ae89d-97d7-4f5d-b93f-ce618e5d48f1",
    "componentName": "siteforce:sldsOneColLayout",
    "id": "05bb79be-31b4-4fbf-82b9-46351381af7a",
    "label": "Error",
    "regions": [
        {
            "id": "4bc436a4-b3ec-465c-bc2a-a9bae6891c93",
            "regionName": "header",
            "type": "region"
        },
        {
            "components": [
                {
                    "componentAttributes": {
                        "richTextValue": "<div style='text-align: center;'>Invalid Page</div>"
                    },
                    "componentName": "forceCommunity:richTextInline",
                    "id": "ce095ed4-2744-491e-b3f7-5c40a057a075",
                    "renderPriority": "NEUTRAL",
                    "renditionMap": {},
                    "type": "component"
                }
            ],
            "id": "be5bc6cd-8794-4705-8117-159aabf3249e",
            "regionName": "content",
            "type": "region"
        },
        {
            "id": "e12f836e-06e7-4781-952f-0ab8992e8795",
            "regionName": "footer",
            "type": "region"
        },
        {
            "components": [
                {
                    "componentAttributes": {
                        "description": "",
                        "metaTags": "",
                        "title": "Error"
                    },
                    "componentName": "forceCommunity:seoAssistant",
                    "id": "75c00f5d-b632-4a58-9581-a7beb170594e",
                    "renditionMap": {},
                    "type": "component"
                }
            ],
            "id": "97a196c8-f21a-41f4-9742-f7422b0b2b41",
            "regionName": "sfdcHiddenRegion",
            "type": "region"
        }
    ],
    "themeLayoutType": "Inner",
    "type": "view",
    "viewType": "error"
}
