{
    "appPageId": "99145371-a7c0-4ca6-bf2f-708461f8d821",
    "componentName": "siteforce:sldsOneColLayout",
    "id": "a39993c0-0c85-4ab2-b6a4-9d476532c627",
    "label": "Forgot Password",
    "regions": [
        {
            "components": [
                {
                    "componentAttributes": {
                        "richTextValue": "<div style=\"text-align: center;\"><span style=\"font-size:22px\">PASSWORD RESET</span></div>"
                    },
                    "componentName": "forceCommunity:richTextInline",
                    "id": "61852324-b298-4692-9357-70b2a426545a",
                    "renderPriority": "NEUTRAL",
                    "renditionMap": {},
                    "type": "component"
                },
                {
                    "componentAttributes": {
                        "richTextValue": "<div style=\"text-align: center;\">To reset your password, we'll need your username.<br/> We'll send password reset instructions to the email address associated with your account.</div>"
                    },
                    "componentName": "forceCommunity:richTextInline",
                    "id": "dab54964-d983-4346-8520-cfebbf98d3ba",
                    "renderPriority": "NEUTRAL",
                    "renditionMap": {},
                    "type": "component"
                },
                {
                    "componentAttributes": {
                        "checkEmailUrl": "./CheckPasswordResetEmail",
                        "submitButtonLabel": "Reset Password",
                        "usernameLabel": "Username"
                    },
                    "componentName": "salesforceIdentity:forgotPassword2",
                    "id": "e5875695-bafe-45de-ba13-3904eb90c527",
                    "renderPriority": "NEUTRAL",
                    "renditionMap": {},
                    "type": "component"
                },
                {
                    "componentAttributes": {
                        "richTextValue": "<div style=\"text-align: center;\"><a href=\"./\">Cancel</a></div>"
                    },
                    "componentName": "forceCommunity:richTextInline",
                    "id": "615a8145-eab3-435f-8dfa-5335959de764",
                    "renderPriority": "NEUTRAL",
                    "renditionMap": {},
                    "type": "component"
                }
            ],
            "id": "e3dff669-cee6-41c1-a279-59caf0c2e4a9",
            "regionName": "content",
            "type": "region"
        },
        {
            "components": [
                {
                    "componentAttributes": {
                        "description": "",
                        "metaTags": "",
                        "title": "Forgot Password"
                    },
                    "componentName": "forceCommunity:seoAssistant",
                    "id": "f6d505cb-341c-49ad-b64d-2c6c6120abf1",
                    "renditionMap": {},
                    "type": "component"
                }
            ],
            "id": "10aba98b-4ab1-4b88-946a-15c22bf2aa58",
            "regionName": "sfdcHiddenRegion",
            "type": "region"
        }
    ],
    "themeLayoutType": "Login",
    "type": "view",
    "viewType": "forgot-password"
}
