{
    "appPageId": "591ae89d-97d7-4f5d-b93f-ce618e5d48f1",
    "componentName": "siteforce:sldsOneColLayout",
    "id": "08b8b3ba-a99c-4e87-88a9-e3178b81eb9f",
    "label": "Home",
    "regions": [
        {
            "id": "174fd8f6-046c-4436-adff-f5d56aad729a",
            "regionName": "header",
            "type": "region"
        },
        {
            "components": [
                {
                    "componentAttributes": {
                        "buttonClickProductOrFamilyName": "Dynamo X2",
                        "buttonText": "Explore More",
                        "heroDetailsPosition": "left",
                        "imgOrVideo": "Video",
                        "internalResource": false,
                        "opacity": 5,
                        "overlay": false,
                        "resourceUrl": "https://s3-us-west-1.amazonaws.com/sfdc-demo/bikes/ebikes.mp4",
                        "slogan": "Conquer The Impossible",
                        "title": "Dynamo X2"
                    },
                    "componentName": "c:hero",
                    "id": "841b3c9f-c347-48d4-b977-9a9e21d853eb",
                    "renderPriority": "NEUTRAL",
                    "renditionMap": {},
                    "type": "component"
                },
                {
                    "componentAttributes": {
                        "buttonClickProductOrFamilyName": "Electra",
                        "buttonText": "See Electra Bikes",
                        "heroDetailsPosition": "right",
                        "imgOrVideo": "Image",
                        "internalResource": true,
                        "opacity": 5,
                        "overlay": true,
                        "resourceUrl": "/CyclingGrass.jpg",
                        "slogan": "Ride With Power",
                        "title": "Electra Series"
                    },
                    "componentName": "c:hero",
                    "id": "5c2f9bbf-fe10-4691-abaf-852a760dc838",
                    "renderPriority": "NEUTRAL",
                    "renditionMap": {},
                    "type": "component"
                }
            ],
            "id": "3de90bfd-a82e-4ea4-b5e3-1fe466c2685b",
            "regionName": "content",
            "type": "region"
        },
        {
            "id": "5675183e-90a4-4319-9a68-ec255416a666",
            "regionName": "footer",
            "type": "region"
        },
        {
            "components": [
                {
                    "componentAttributes": {
                        "description": "",
                        "metaTags": "",
                        "title": "Home"
                    },
                    "componentName": "forceCommunity:seoAssistant",
                    "id": "79f5f40c-b935-4f89-8cab-3d9733d6e846",
                    "renditionMap": {},
                    "type": "component"
                }
            ],
            "id": "f909a255-f36d-46a7-b813-677c6a651e13",
            "regionName": "sfdcHiddenRegion",
            "type": "region"
        }
    ],
    "themeLayoutType": "Home",
    "type": "view",
    "viewType": "home"
}
