{
    "appPageId": "99145371-a7c0-4ca6-bf2f-708461f8d821",
    "componentName": "siteforce:sldsOneColLayout",
    "id": "e6e40fca-b8df-44af-88e7-5a9096ff0dc7",
    "label": "Login",
    "regions": [
        {
            "components": [
                {
                    "componentAttributes": {},
                    "componentName": "salesforceIdentity:communityLogo2",
                    "id": "5d7ef429-3287-4af7-a18d-d856e93ed387",
                    "renderPriority": "NEUTRAL",
                    "renditionMap": {},
                    "type": "component"
                },
                {
                    "componentAttributes": {
                        "forgotPasswordLabel": "Forgot your password?",
                        "forgotPasswordUrl": "/ForgotPassword",
                        "loginButtonLabel": "Log in",
                        "passwordLabel": "Password",
                        "selfRegisterLabel": "Not a member?",
                        "selfRegisterUrl": "/SelfRegister",
                        "startUrl": "",
                        "usernameLabel": "Username"
                    },
                    "componentName": "salesforceIdentity:loginForm2",
                    "id": "4ad2aef4-e86d-432d-9e7a-101a4075a8d2",
                    "renderPriority": "NEUTRAL",
                    "renditionMap": {},
                    "type": "component"
                },
                {
                    "componentAttributes": {
                        "headerText": "",
                        "showHeader": false
                    },
                    "componentName": "salesforceIdentity:socialLogin2",
                    "id": "baaa7380-6e97-4856-9106-6d072efd7712",
                    "renderPriority": "NEUTRAL",
                    "renditionMap": {},
                    "type": "component"
                },
                {
                    "componentAttributes": {
                        "employeeLoginLinkLabel": "Are you an employee? Login here"
                    },
                    "componentName": "salesforceIdentity:employeeLoginLink2",
                    "id": "f46495ef-21cf-481e-b86a-974a929fb75e",
                    "renderPriority": "NEUTRAL",
                    "renditionMap": {},
                    "type": "component"
                }
            ],
            "id": "3d74bf6e-cd4a-476d-bd36-72f3e9565fad",
            "regionName": "content",
            "type": "region"
        },
        {
            "components": [
                {
                    "componentAttributes": {
                        "description": "",
                        "metaTags": "",
                        "title": "Login"
                    },
                    "componentName": "forceCommunity:seoAssistant",
                    "id": "f3f3e1c8-69c5-4a36-8109-e022ba96eff7",
                    "renditionMap": {},
                    "type": "component"
                }
            ],
            "id": "ae5fea7a-5b07-46f4-851e-a1b3f947db3e",
            "regionName": "sfdcHiddenRegion",
            "type": "region"
        }
    ],
    "themeLayoutType": "Login",
    "type": "view",
    "viewType": "login-home"
}
