{
    "appPageId": "591ae89d-97d7-4f5d-b93f-ce618e5d48f1",
    "componentName": "siteforce:sldsOneColLayout",
    "id": "c177692a-740d-4c05-8dce-e725b859f8a1",
    "label": "Product Family Detail",
    "regions": [
        {
            "id": "701fb246-8ba9-400b-9b0e-f6b6dd331834",
            "regionName": "header",
            "type": "region"
        },
        {
            "components": [
                {
                    "componentAttributes": {
                        "recordId": "{!recordId}"
                    },
                    "componentName": "forceCommunity:recordHeadline",
                    "id": "e9cf49a7-fde9-424a-8ddf-b9efd2613b89",
                    "renderPriority": "NEUTRAL",
                    "renditionMap": {},
                    "type": "component"
                },
                {
                    "componentAttributes": {
                        "detailsTabLabel": "Details",
                        "discussionsTabLabel": "Feed",
                        "recordId": "{!recordId}",
                        "relatedTabLabel": "Related",
                        "tab1Type": "details",
                        "tab2Type": "related",
                        "tab3Type": "none",
                        "tab4Type": "none",
                        "timelineTabLabel": "Activity"
                    },
                    "componentName": "forceCommunity:recordHomeTabs",
                    "id": "ef9e0a49-fbbb-49b9-837e-91f1ea51e68a",
                    "renderPriority": "NEUTRAL",
                    "renditionMap": {},
                    "type": "component"
                }
            ],
            "id": "cbc0b27c-2e21-4440-9505-b8edcb36ef3e",
            "regionName": "content",
            "type": "region"
        },
        {
            "id": "a5b0623e-f1b8-4b47-8445-265e4b58c9fd",
            "regionName": "footer",
            "type": "region"
        },
        {
            "components": [
                {
                    "componentAttributes": {
                        "description": "",
                        "metaTags": "",
                        "title": "{!Record._Object}: {!Record._Title}"
                    },
                    "componentName": "forceCommunity:seoAssistant",
                    "id": "2013c938-7e67-4ca1-b63d-4ef8c1221f17",
                    "renditionMap": {},
                    "type": "component"
                }
            ],
            "id": "62ec64d2-31f3-4be1-bf35-5999d24cbc25",
            "regionName": "sfdcHiddenRegion",
            "type": "region"
        }
    ],
    "themeLayoutType": "Inner",
    "type": "view",
    "viewType": "detail-a02"
}
