{
    "appPageId": "591ae89d-97d7-4f5d-b93f-ce618e5d48f1",
    "componentName": "siteforce:sldsOneColLayout",
    "id": "e264ab42-0382-4aa8-bb39-56df8e6f0aaa",
    "label": "Product Related List",
    "regions": [
        {
            "id": "dfb9df45-f0a2-4bc7-a99f-a6a75631abf8",
            "regionName": "header",
            "type": "region"
        },
        {
            "components": [
                {
                    "componentAttributes": {
                        "customTitle": "",
                        "parentRecordId": "{!recordId}",
                        "relatedListName": "{!relationshipApiName}",
                        "showBreadCrumbs": true,
                        "showCustomTitle": false,
                        "showManualRefreshButton": true,
                        "showRowNumbers": true
                    },
                    "componentName": "forceCommunity:relatedList",
                    "id": "a2102f60-1bbc-4b4a-a0a0-14adba5d7beb",
                    "renderPriority": "NEUTRAL",
                    "renditionMap": {},
                    "type": "component"
                }
            ],
            "id": "9194e2cf-9c2e-40ba-bc16-b55e3b189b78",
            "regionName": "content",
            "type": "region"
        },
        {
            "id": "7a4fb906-7737-4573-8a29-896adf61336d",
            "regionName": "footer",
            "type": "region"
        }
    ],
    "themeLayoutType": "Inner",
    "type": "view",
    "viewType": "relatedlist-a03"
}
