{
    "appPageId": "591ae89d-97d7-4f5d-b93f-ce618e5d48f1",
    "componentName": "siteforce:sldsOneColLayout",
    "id": "eb60ff2f-bca3-4cc7-befe-74a5cc28d67f",
    "label": "Product Family Related List",
    "regions": [
        {
            "id": "e2525dfe-a877-4e1e-856d-057f885f9801",
            "regionName": "header",
            "type": "region"
        },
        {
            "components": [
                {
                    "componentAttributes": {
                        "customTitle": "",
                        "parentRecordId": "{!recordId}",
                        "relatedListName": "{!relationshipApiName}",
                        "showBreadCrumbs": true,
                        "showCustomTitle": false,
                        "showManualRefreshButton": true,
                        "showRowNumbers": true
                    },
                    "componentName": "forceCommunity:relatedList",
                    "id": "547f6ec6-4fbc-49e5-b87e-3b89e8db2525",
                    "renderPriority": "NEUTRAL",
                    "renditionMap": {},
                    "type": "component"
                }
            ],
            "id": "61d84bb8-6943-4585-a1b8-be02be8b72ac",
            "regionName": "content",
            "type": "region"
        },
        {
            "id": "5021e296-247c-4759-93aa-aaf5b15f7284",
            "regionName": "footer",
            "type": "region"
        }
    ],
    "themeLayoutType": "Inner",
    "type": "view",
    "viewType": "relatedlist-a02"
}
