{
    "appPageId": "591ae89d-97d7-4f5d-b93f-ce618e5d48f1",
    "componentName": "siteforce:sldsOneColLayout",
    "id": "64ffb57c-d489-405b-8ef0-9e305b69108a",
    "label": "Product List",
    "regions": [
        {
            "id": "852e791f-ad27-425e-83b2-dd5933545e5e",
            "regionName": "header",
            "type": "region"
        },
        {
            "components": [
                {
                    "componentAttributes": {
                        "enableInlineEdit": false,
                        "filterName": "{!filterId}",
                        "layout": "FULL",
                        "pageSize": 25,
                        "scope": "{!objectName}",
                        "showActionBar": false,
                        "showChartsPanel": false,
                        "showDisplay": "grid",
                        "showFilterPanel": false,
                        "showImageIcon": true,
                        "showManualRefreshButton": true,
                        "showObjectName": true,
                        "showPinnedList": false,
                        "showSearchBar": false
                    },
                    "componentName": "forceCommunity:objectHome",
                    "id": "17438584-56d8-42ba-a867-b2ae874b11b3",
                    "renderPriority": "NEUTRAL",
                    "renditionMap": {},
                    "type": "component"
                }
            ],
            "id": "520aefc8-7547-4dc3-a57b-2fc688437b75",
            "regionName": "content",
            "type": "region"
        },
        {
            "id": "cc4e11ad-9489-47fe-a79b-220bc6987cc2",
            "regionName": "footer",
            "type": "region"
        }
    ],
    "themeLayoutType": "Inner",
    "type": "view",
    "viewType": "list-a03"
}
