{
    "appPageId": "591ae89d-97d7-4f5d-b93f-ce618e5d48f1",
    "componentName": "siteforce:sldsOneColLayout",
    "id": "33b22787-79f5-484a-a68d-336253ee7c9d",
    "label": "Product Family List",
    "regions": [
        {
            "id": "450dc52c-e6b8-454d-a23d-6632971ecdcc",
            "regionName": "header",
            "type": "region"
        },
        {
            "components": [
                {
                    "componentAttributes": {
                        "enableInlineEdit": false,
                        "filterName": "{!filterId}",
                        "layout": "FULL",
                        "pageSize": 25,
                        "scope": "{!objectName}",
                        "showActionBar": false,
                        "showChartsPanel": false,
                        "showDisplay": "grid",
                        "showFilterPanel": false,
                        "showImageIcon": true,
                        "showManualRefreshButton": true,
                        "showObjectName": true,
                        "showPinnedList": false,
                        "showSearchBar": false
                    },
                    "componentName": "forceCommunity:objectHome",
                    "id": "863231ba-9c19-4b59-ab67-fc82097ef7f3",
                    "renderPriority": "NEUTRAL",
                    "renditionMap": {},
                    "type": "component"
                }
            ],
            "id": "51d5e69c-24e5-4b9d-88d7-0020ebeff2a2",
            "regionName": "content",
            "type": "region"
        },
        {
            "id": "be627cd1-7b18-4a9b-b80a-db1e2b825595",
            "regionName": "footer",
            "type": "region"
        }
    ],
    "themeLayoutType": "Inner",
    "type": "view",
    "viewType": "list-a02"
}
