{
    "appPageId": "591ae89d-97d7-4f5d-b93f-ce618e5d48f1",
    "componentName": "siteforce:sldsThreeCol363Layout",
    "id": "3f05e628-072b-4e52-b235-ca04100be399",
    "label": "Product Explorer",
    "regions": [
        {
            "id": "14cf9750-6af1-4e3c-9041-61fb57f0216e",
            "regionName": "header",
            "type": "region"
        },
        {
            "components": [
                {
                    "componentAttributes": {},
                    "componentName": "c:productFilter",
                    "id": "224b69b1-2feb-4009-8382-db5a98abc0b1",
                    "renderPriority": "NEUTRAL",
                    "renditionMap": {},
                    "type": "component"
                }
            ],
            "id": "4013f167-79df-4679-b3e3-8821de46bad1",
            "regionName": "sidebar",
            "type": "region"
        },
        {
            "components": [
                {
                    "componentAttributes": {
                        "searchBarIsVisible": false,
                        "tilesAreDraggable": false
                    },
                    "componentName": "c:productTileList",
                    "id": "2bc64f0c-7a0b-4dbc-ae00-24bba78ea33c",
                    "renderPriority": "NEUTRAL",
                    "renditionMap": {},
                    "type": "component"
                }
            ],
            "id": "d4dc54f2-fbf6-4ac3-821c-d40ce504c885",
            "regionName": "content",
            "type": "region"
        },
        {
            "components": [
                {
                    "componentAttributes": {},
                    "componentName": "c:productCard",
                    "id": "dedaad30-77eb-42e3-b344-b3be8e6a6370",
                    "renderPriority": "NEUTRAL",
                    "renditionMap": {},
                    "type": "component"
                }
            ],
            "id": "c49cd6fe-e137-4f30-82fc-27904ef0d6c7",
            "regionName": "sidebarAlt",
            "type": "region"
        },
        {
            "id": "97a49629-26c7-431f-887e-27c32284b185",
            "regionName": "footer",
            "type": "region"
        },
        {
            "components": [
                {
                    "componentAttributes": {
                        "description": "",
                        "metaTags": "",
                        "title": "Product Explorer"
                    },
                    "componentName": "forceCommunity:seoAssistant",
                    "id": "4d25948c-bc1e-4ae9-96f6-afc56ba0514b",
                    "renditionMap": {},
                    "type": "component"
                }
            ],
            "id": "a4335784-1e30-4351-8ef8-aace1395bd63",
            "regionName": "sfdcHiddenRegion",
            "type": "region"
        }
    ],
    "themeLayoutType": "Inner",
    "type": "view",
    "viewType": "custom-product-explorer"
}
