{
    "appPageId": "99145371-a7c0-4ca6-bf2f-708461f8d821",
    "componentName": "siteforce:sldsOneColLayout",
    "id": "c20b51fb-94a9-46e0-a944-c0511e0957cf",
    "label": "Register",
    "regions": [
        {
            "components": [
                {
                    "componentAttributes": {},
                    "componentName": "salesforceIdentity:communityLogo2",
                    "id": "c2ee8a36-3504-45c5-bba3-4f391b8789a6",
                    "renderPriority": "NEUTRAL",
                    "renditionMap": {},
                    "type": "component"
                },
                {
                    "componentAttributes": {
                        "richTextValue": "<div style=\"text-align: center;\">Join the community to receive personalized information and customer support.</div>"
                    },
                    "componentName": "forceCommunity:richTextInline",
                    "id": "438b685b-9e02-49c4-b080-17dbc5c82a9d",
                    "renderPriority": "NEUTRAL",
                    "renditionMap": {},
                    "type": "component"
                },
                {
                    "componentAttributes": {
                        "confirmPasswordLabel": "Confirm Password",
                        "emailLabel": "Email",
                        "extraFieldsFieldSet": "",
                        "firstnameLabel": "First Name",
                        "includePasswordField": false,
                        "lastnameLabel": "Last Name",
                        "passwordLabel": "Create Password",
                        "regConfirmUrl": "./CheckPasswordResetEmail",
                        "startUrl": "",
                        "submitButtonLabel": "Sign Up"
                    },
                    "componentName": "salesforceIdentity:selfRegister2",
                    "id": "5d339d23-a121-4af6-b2ff-05c37abbe20f",
                    "renderPriority": "NEUTRAL",
                    "renditionMap": {},
                    "type": "component"
                },
                {
                    "componentAttributes": {
                        "headerText": "",
                        "showHeader": false
                    },
                    "componentName": "salesforceIdentity:socialLogin2",
                    "id": "364b69ce-071d-423c-b0d9-574aaaffab73",
                    "renderPriority": "NEUTRAL",
                    "renditionMap": {},
                    "type": "component"
                },
                {
                    "componentAttributes": {
                        "richTextValue": "<div style=\"text-align: center;\"><a href=\"./\">Already have an account?</a></div>"
                    },
                    "componentName": "forceCommunity:richTextInline",
                    "id": "e0a45870-3fb7-4de8-b4ff-880f6052ad09",
                    "renderPriority": "NEUTRAL",
                    "renditionMap": {},
                    "type": "component"
                }
            ],
            "id": "d860a411-92ad-47d8-9247-2e8bbdd8a621",
            "regionName": "content",
            "type": "region"
        },
        {
            "components": [
                {
                    "componentAttributes": {
                        "description": "",
                        "metaTags": "",
                        "title": "Register"
                    },
                    "componentName": "forceCommunity:seoAssistant",
                    "id": "46463a4e-3fd3-45c3-82d7-e9f2156cf6f3",
                    "renditionMap": {},
                    "type": "component"
                }
            ],
            "id": "1a04509b-993c-4184-a888-08e7661091e3",
            "regionName": "sfdcHiddenRegion",
            "type": "region"
        }
    ],
    "themeLayoutType": "Login",
    "type": "view",
    "viewType": "self-register"
}
