{
    "appPageId": "591ae89d-97d7-4f5d-b93f-ce618e5d48f1",
    "componentName": "siteforce:sldsOneColLayout",
    "id": "051e5cc7-26ba-4366-a9f6-a0067e0d96aa",
    "label": "Service Not Available",
    "regions": [
        {
            "components": [
                {
                    "componentAttributes": {
                        "richTextValue": "<div style='display: flex; align-items: center; flex-direction: column; margin: 60px 25px 40px 25px;'><div style='background: url(/sfsites/assets/Images/serviceNotAvailable/serviceNotAvailable.svg) center no-repeat; background-size: contain; height: 331px; width: 100%; max-width: 538px;'></div></div><div style='margin: 0 25px; text-align: center;'><p><b style='font-size: 3.4em'>Looks like the site is temporarily unavailable</b></p><br/><p><span style='font-size: 2em;'>Please try again in a bit.</span></p></div>"
                    },
                    "componentName": "forceCommunity:htmlBlock",
                    "id": "227f6ef1-f307-416e-a04f-d20f3f756f4a",
                    "renderPriority": "NEUTRAL",
                    "renditionMap": {},
                    "type": "component"
                }
            ],
            "id": "681f110c-987f-4bb7-b8e9-902dc2115cf9",
            "regionName": "content",
            "type": "region"
        }
    ],
    "themeLayoutType": "ServiceNotAvailable",
    "type": "view",
    "viewType": "service-not-available"
}
