{
    "orgName": "Ebikes",
    "edition": "Developer",
    "hasSampleData": false,
    "features": ["Communities", "Walkthroughs", "EnableSetPasswordInApi"],
    "settings": {
        "communitiesSettings": {
            "enableNetworksEnabled": true
        },
        "experienceBundleSettings": {
            "enableExperienceBundleMetadata": true
        },
        "lightningExperienceSettings": {
            "enableS1DesktopEnabled": true
        },
        "mobileSettings": {
            "enableS1EncryptedStoragePref2": false
        },
        "userEngagementSettings": {
            "enableOrchestrationInSandbox": true
        }
    }
}
